{"stats":{"minecraft:mined":{"minecraft:spruce_planks":4,"minecraft:black_candle_cake":1,"minecraft:light_blue_carpet":1,"minecraft:cave_vines_plant":38,"minecraft:granite":1,"minecraft:grass_block":9,"minecraft:stone_brick_wall":2,"minecraft:iron_ore":75,"minecraft:cobbled_deepslate":1,"minecraft:fire":1,"minecraft:moss_carpet":2,"minecraft:deepslate_lapis_ore":8,"minecraft:cave_vines":30,"minecraft:black_candle":1,"minecraft:azalea":1,"projectvibrantjourneys:cattail":1,"minecraft:deepslate_redstone_ore":12,"projectvibrantjourneys:sea_oats":1,"minecraft:medium_amethyst_bud":1,"minecraft:amethyst_cluster":1,"minecraft:clay":1,"minecraft:torch":2,"create:scoria":1,"farmersdelight:safety_net":1,"projectvibrantjourneys:natural_cobweb":2,"minecraft:cobblestone":37,"minecraft:sugar_cane":27,"projectvibrantjourneys:fallen_leaves":1,"minecraft:oak_planks":25,"minecraft:wall_torch":8,"minecraft:seagrass":1,"minecraft:wheat":4,"minecraft:light_gray_wool":1,"minecraft:grass":26,"projectvibrantjourneys:short_grass":26,"create:hand_crank":2,"minecraft:sand":2,"minecraft:dirt":26,"create:crimsite":1,"minecraft:oak_leaves":2,"minecraft:deepslate":18,"minecraft:red_carpet":1,"minecraft:mossy_cobblestone":3,"minecraft:dark_oak_leaves":1,"minecraft:deepslate_diamond_ore":23,"minecraft:red_stained_glass":2,"minecraft:dark_oak_log":1,"projectvibrantjourneys:rocks":4,"minecraft:spruce_leaves":2,"minecraft:moss_block":28,"minecraft:large_fern":3,"minecraft:hay_block":12,"minecraft:furnace":2,"minecraft:andesite":8,"treechop:chopped_log":14,"minecraft:big_dripleaf_stem":5,"projectvibrantjourneys:beach_grass":1,"farmersdelight:rope":3,"minecraft:deepslate_iron_ore":14,"minecraft:rail":1,"minecraft:stone":107,"minecraft:flowering_azalea":2,"minecraft:spruce_door":10,"minecraft:crafting_table":1,"minecraft:lime_carpet":1,"projectvibrantjourneys:mossy_rocks":1,"minecraft:tall_grass":9,"minecraft:copper_ore":1,"minecraft:deepslate_gold_ore":17,"minecraft:lily_pad":1,"minecraft:big_dripleaf":1,"create:mechanical_saw":1,"minecraft:birch_planks":7,"minecraft:sweet_berry_bush":2,"minecraft:ice":1,"minecraft:birch_leaves":14,"minecraft:coal_ore":6,"minecraft:gravel":3,"minecraft:cobweb":8,"minecraft:cracked_stone_bricks":4,"minecraft:spruce_fence_gate":1,"minecraft:stone_bricks":16,"minecraft:mossy_stone_bricks":1,"minecraft:fern":4},"minecraft:custom":{"minecraft:interact_with_crafting_table":93,"minecraft:open_barrel":27,"minecraft:bell_ring":45,"minecraft:eat_cake_slice":4,"minecraft:leave_game":11,"minecraft:time_since_death":15923,"minecraft:damage_resisted":17691,"minecraft:sprint_one_cm":989774,"minecraft:damage_blocked_by_shield":2943,"minecraft:drop":99,"minecraft:talked_to_villager":8,"minecraft:play_time":559954,"minecraft:deaths":79,"minecraft:jump":6127,"minecraft:walk_on_water_one_cm":194586,"minecraft:interact_with_furnace":87,"minecraft:sleep_in_bed":18,"minecraft:damage_dealt":29087,"minecraft:crouch_one_cm":37568,"minecraft:mob_kills":208,"minecraft:damage_dealt_resisted":1019,"minecraft:climb_one_cm":21150,"minecraft:walk_one_cm":1192719,"minecraft:target_hit":1,"minecraft:sneak_time":19246,"minecraft:walk_under_water_one_cm":194184,"minecraft:boat_one_cm":14895,"minecraft:total_world_time":559954,"minecraft:time_since_rest":15947,"minecraft:damage_taken":29783,"minecraft:swim_one_cm":302806,"minecraft:fly_one_cm":1085377,"minecraft:open_chest":179,"minecraft:fall_one_cm":272772},"minecraft:broken":{"mutantmonsters:mutant_skeleton_skull":1,"mutantmonsters:mutant_skeleton_boots":1,"minecraft:wooden_sword":1,"max_armory:copper_sword":1,"minecraft:shield":1,"minecraft:iron_axe":1,"minecraft:leather_boots":1,"minecraft:iron_pickaxe":1,"mutantmonsters:hulk_hammer":1},"minecraft:used":{"minecraft:moss_block":22,"minecraft:moss_carpet":1,"minecraft:chest":10,"minecraft:shield":40,"minecraft:zombie_spawn_egg":1,"minecraft:stone":3,"minecraft:iron_sword":225,"minecraft:mutton":4,"minecraft:carrot":12,"minecraft:allium":1,"scpo:scp_939_biped_spawn_egg":1,"scpo:scp_1507_spawn_egg":1,"minecraft:milk_bucket":2,"minecraft:honey_bottle":2,"minecraft:big_dripleaf":26,"scpo:scp_173_spawn_egg":1,"minecraft:spruce_boat":2,"minecraft:lava_bucket":35,"minecraft:grass_block":1,"minecraft:birch_sapling":1,"minecraft:stone_bricks":16,"scpo:scp_8432_spawn_egg":1,"minecraft:bow":36,"minecraft:sweet_berries":6,"mutantmonsters:hulk_hammer":87,"minecraft:furnace":2,"farmersdelight:safety_net":1,"projectvibrantjourneys:mossy_rocks":1,"beansbackpacks:backpack":1,"minecraft:light_blue_carpet":1,"minecraft:mossy_stone_bricks":1,"table_top_craft:chess_piece_figure":1,"minecraft:spruce_door":11,"minecraft:red_stained_glass":3,"minecraft:oak_planks":34,"minecraft:stone_pickaxe":97,"alexsmobs:flying_fish_boots":1,"minecraft:wooden_pickaxe":68,"minecraft:sugar_cane":17,"create:mechanical_saw":1,"scpo:scp_023_spawn_egg":1,"minecraft:glow_berries":69,"scpo:scp_0192_spawn_egg":1,"minecraft:crossbow":4,"max_armory:copper_sword":95,"minecraft:stone_brick_wall":2,"scpo:scp_098_spawn_egg":1,"scpo:scp_966_spawn_egg":27,"minecraft:dark_oak_log":1,"minecraft:lime_carpet":1,"scpo:mauler_spawn_egg":1,"minecraft:bread":18,"minecraft:gravel":20,"scpo:telekill_sword":8,"minecraft:wooden_sword":51,"minecraft:andesite":6,"scpo:scp_1000_spawn_egg":1,"minecraft:cobweb":3,"minecraft:tropical_fish":5,"minecraft:spruce_planks":47,"scpo:scp_049_spawn_egg":1,"minecraft:cooked_chicken":1,"minecraft:torch":89,"minecraft:dirt":94,"scpo:scp_457_spawn_egg":19,"scpo:scp_529_spawn_egg":2,"minecraft:granite":1,"farmersdelight:rope":20,"minecraft:dark_oak_planks":3,"scpo:scp_999_spawn_egg":3,"minecraft:iron_axe":208,"minecraft:light_gray_wool":1,"minecraft:beef":14,"scpo:scp_1471_a_spawn_egg":85,"minecraft:cooked_beef":8,"minecraft:cobbled_deepslate":4,"minecraft:wheat_seeds":4,"minecraft:cooked_mutton":9,"farmersdelight:iron_knife":118,"scpo:scp_058_spawn_egg":2,"farmersdelight:skillet":31,"minecraft:birch_planks":8,"minecraft:glass_bottle":1,"scpo:scp_178_creature_spawn_egg":1,"minecraft:cauldron":1,"scpo:scp_682_spawn_egg":8,"minecraft:cracked_stone_bricks":4,"minecraft:crafting_table":9,"scpo:scp_106_spawn_egg":1,"minecraft:white_bed":1,"scpo:scp_111_spawn_egg":1,"minecraft:black_wool":1,"minecraft:apple":6,"minecraft:iron_pickaxe":240,"minecraft:stone_axe":90,"scpo:scp_650_spawn_egg":3,"minecraft:cobblestone":121,"minecraft:potion":1,"scpo:baby_scp_939_spawn_egg":1,"minecraft:bucket":36,"minecraft:black_candle":1,"create:hand_crank":3,"alexsmobs:animal_dictionary":1},"minecraft:killed":{"scpo:scp_650":3,"minecraft:spider":7,"minecraft:skeleton":6,"minecraft:guardian":18,"scpo:scp_1507":1,"minecraft:chicken":5,"ecologics:coconut_crab":1,"scpo:mauler":1,"minecraft:tropical_fish":1,"scpo:scp_023":1,"scpo:scp_049":1,"minecraft:pig":2,"alexsmobs:grizzly_bear":2,"minecraft:zombie_villager":4,"scpo:scp_058":1,"scpo:scp_1000":1,"scpo:scp_939_biped":1,"mutantmonsters:mutant_skeleton":1,"hordes:drowned_player":3,"minecraft:sheep":16,"scpo:scp_529":2,"alexsmobs:flutter":1,"minecraft:zombie":44,"mutantmonsters:mutant_creeper":1,"scpo:scp_8432":1,"minecraft:cow":20,"hordes:zombie_player":14,"scpo:scp_098":1,"alexsmobs:seagull":1,"minecraft:phantom":16,"scpo:scp_0192":1,"alexsmobs:bison":1,"alexsmobs:flying_fish":3,"minecraft:husk":2,"scpo:scp_966":2,"minecraft:squid":1,"scpo:scp_111":1,"scpo:scp_173":1,"scpo:baby_scp_939":1,"alexsmobs:crow":1,"mutantmonsters:mutant_zombie":1,"scpo:scp_457":5,"minecraft:enderman":3},"minecraft:killed_by":{"minecraft:zombie_villager":2,"minecraft:creeper":3,"mutantmonsters:mutant_creeper":9,"hordes:drowned_player":3,"minecraft:zombie":15,"scpo:scp_966":2,"minecraft:player":1,"minecraft:spider":3,"minecraft:enderman":4,"hordes:zombie_player":3,"mutantmonsters:mutant_skeleton":4,"minecraft:skeleton":13},"minecraft:crafted":{"mutantmonsters:mutant_skeleton_leggings":1,"minecraft:oak_planks":24,"pointblank_recipes:ar_kit":2,"minecraft:cooked_chicken":4,"minecraft:stone":10,"minecraft:lever":1,"farmersdelight:rope":16,"mutantmonsters:mutant_skeleton_arms":1,"farmersdelight:safety_net":4,"minecraft:repeater":2,"mutantmonsters:mutant_skeleton_boots":1,"minecraft:chest":10,"mutantmonsters:mutant_skeleton_rib_cage":1,"pointblank:ammo556":208,"pointblank:glock17":1,"minecraft:cooked_porkchop":4,"minecraft:cauldron":1,"minecraft:crafting_table":8,"minecraft:spruce_planks":96,"farmersdelight:iron_knife":1,"create:mechanical_saw":1,"minecraft:wooden_pickaxe":2,"minecraft:spruce_door":12,"minecraft:birch_planks":84,"edible_zombie_flesh:cooked_flesh":2,"minecraft:paper":6,"minecraft:charcoal":11,"minecraft:stick":156,"minecraft:iron_ingot":46,"minecraft:iron_pickaxe":1,"minecraft:iron_block":1,"minecraft:gold_ingot":3,"minecraft:redstone_torch":4,"beansbackpacks:backpack":2,"minecraft:tripwire_hook":6,"minecraft:iron_nugget":135,"minecraft:furnace":1,"minecraft:piston":3,"mutantmonsters:mutant_skeleton_chestplate":1,"pointblank_recipes:ironbarrel_1":3,"minecraft:iron_axe":1,"minecraft:stone_pickaxe":1,"pointblank_recipes:handgun_kit":1,"minecraft:spruce_boat":1,"alexsmobs:flying_fish_boots":1,"minecraft:dark_oak_planks":728,"pointblank:ammo9mm":176,"minecraft:cooked_beef":31,"minecraft:sugar":36,"create:andesite_alloy":1,"create:hand_crank":1,"pointblank_recipes:ammo_kit":26,"pointblank:ammo12gauge":32,"minecraft:iron_sword":1,"pointblank_recipes:goldbarrel_1":2,"pointblank_recipes:diamondbarrel_1":1,"minecraft:bucket":1,"minecraft:stone_axe":1,"minecraft:air":0,"minecraft:gunpowder":104,"pointblank:g36k":1,"minecraft:white_bed":1,"pointblank:m4a1mod1":1,"minecraft:torch":48},"minecraft:picked_up":{"minecraft:wheat":5,"projectvibrantjourneys:mossy_rocks":1,"mutantmonsters:mutant_skeleton_skull":1,"minecraft:string":18,"minecraft:raw_copper":4,"minecraft:activator_rail":2,"minecraft:cobbled_deepslate":17,"minecraft:spruce_planks":3,"minecraft:azalea":1,"pointblank:m4a1mod1":1,"farmersdelight:cabbage_seeds":13,"ecologics:crab_claw":2,"minecraft:furnace":2,"minecraft:stick":41,"scpo:scp_939_biped_spawn_egg":1,"minecraft:big_dripleaf":31,"minecraft:torch":34,"minecraft:porkchop":5,"mutantmonsters:mutant_skeleton_pelvis":1,"mutantmonsters:hulk_hammer":1,"minecraft:lime_carpet":1,"minecraft:rotten_flesh":54,"minecraft:tropical_fish":6,"create:scoria":2,"farmersdelight:rope":11,"mutantmonsters:mutant_skeleton_shoulder_pad":2,"minecraft:cod":15,"alexsmobs:flying_fish":15,"minecraft:cobblestone":173,"minecraft:birch_log":21,"minecraft:feather":7,"farmersdelight:rice":2,"minecraft:andesite":8,"projectvibrantjourneys:fallen_leaves":1,"farmersdelight:safety_net":1,"alexsmobs:bear_fur":1,"minecraft:lapis_lazuli":50,"minecraft:dirt":34,"minecraft:name_tag":1,"minecraft:bone":14,"minecraft:wheat_seeds":20,"minecraft:raw_gold":17,"minecraft:mossy_stone_bricks":1,"minecraft:powered_rail":1,"minecraft:moss_block":28,"minecraft:oak_planks":25,"car:canola_seeds":1,"minecraft:sand":2,"minecraft:ink_sac":4,"minecraft:grass_block":1,"minecraft:dark_oak_log":209,"minecraft:spruce_fence_gate":4,"create:crimsite":1,"minecraft:spruce_boat":2,"minecraft:diamond":23,"minecraft:granite":1,"minecraft:bone_meal":2,"minecraft:golden_apple":2,"minecraft:bread":5,"minecraft:oak_sapling":5,"minecraft:charcoal":2,"minecraft:crafting_table":1,"minecraft:allium":1,"minecraft:chicken":4,"minecraft:clay_ball":4,"minecraft:chest_minecart":3,"minecraft:stone_brick_wall":2,"beansbackpacks:backpack":2,"scpo:money":4,"minecraft:moss_carpet":9,"minecraft:iron_axe":1,"pointblank:g36k":2,"minecraft:cracked_stone_bricks":4,"minecraft:beef":46,"farmersdelight:straw":3,"minecraft:light_gray_wool":2,"minecraft:sugar_cane":70,"minecraft:birch_sapling":3,"minecraft:egg":3,"minecraft:dark_oak_sapling":40,"minecraft:raw_iron":88,"scpo:scp_999_spawn_egg":1,"ecologics:coconut_slice":4,"projectvibrantjourneys:bark_mushroom":8,"scpo:scp_966_spawn_egg":1,"create:hand_crank":3,"minecraft:redstone":53,"scpo:scp_457_spawn_egg":1,"minecraft:arrow":9,"minecraft:hay_block":12,"mutantmonsters:mutant_skeleton_rib":6,"minecraft:gold_ingot":3,"minecraft:glow_berries":44,"minecraft:mutton":25,"minecraft:rail":30,"minecraft:white_wool":20,"minecraft:air":0,"minecraft:glow_ink_sac":3,"table_top_craft:chess_piece_figure":6,"minecraft:leather":31,"minecraft:acacia_wood":2,"minecraft:birch_planks":7,"minecraft:oak_log":6,"minecraft:gunpowder":8,"projectvibrantjourneys:sea_oats":1,"mutantmonsters:mutant_skeleton_limb":8,"minecraft:cooked_mutton":9,"minecraft:red_carpet":1,"minecraft:apple":13,"minecraft:stone_bricks":16,"minecraft:spore_blossom":1,"pointblank:scarl":2,"minecraft:flowering_azalea":2,"create:mechanical_saw":1,"projectvibrantjourneys:light_brown_bark_mushroom":9,"minecraft:black_candle":3,"minecraft:sweet_berries":6,"minecraft:gravel":23,"minecraft:amethyst_shard":2,"minecraft:spruce_sapling":10,"minecraft:spruce_log":35,"minecraft:spruce_door":13,"minecraft:spider_eye":11,"scpo:scp_650_spawn_egg":2,"minecraft:pumpkin_seeds":2,"minecraft:slime_ball":1,"max_armory:copper_sword":1,"minecraft:light_blue_carpet":1,"minecraft:warped_roots":1,"projectvibrantjourneys:orange_bark_mushroom":1,"minecraft:melon_seeds":4,"minecraft:black_wool":1,"minecraft:coal":19},"minecraft:dropped":{"scpo:money":4,"minecraft:acacia_wood":2,"minecraft:birch_planks":2,"minecraft:moss_block":2,"pointblank:ammo556":32,"ecologics:coconut_slice":2,"minecraft:warped_roots":1,"scpo:scp_023_spawn_egg":1,"create:crimsite":1,"table_top_craft:chess_piece_figure":4,"projectvibrantjourneys:orange_bark_mushroom":1,"scpo:scp_1507_spawn_egg":1,"minecraft:red_carpet":1,"minecraft:dirt":1,"scpo:scp_966_spawn_egg":1,"scpo:scp_650_spawn_egg":2,"scpo:baby_scp_939_spawn_egg":1,"beansbackpacks:backpack":3,"projectvibrantjourneys:bark_mushroom":6,"minecraft:gravel":3,"pointblank:scarl":2,"minecraft:sugar_cane":1,"scpo:scp_939_biped_spawn_egg":2,"minecraft:iron_nugget":6,"alexsmobs:animal_dictionary":1,"minecraft:cobbled_deepslate":1,"scpo:scp_457_spawn_egg":1,"projectvibrantjourneys:sea_oats":1,"scpo:scp_173_spawn_egg":1,"projectvibrantjourneys:light_brown_bark_mushroom":9,"minecraft:gunpowder":7,"create:scoria":2,"minecraft:beef":1,"minecraft:wheat_seeds":3,"scpo:scp_058_spawn_egg":1,"minecraft:feather":1,"minecraft:cobblestone":2,"minecraft:spectral_arrow":7,"pointblank:m4a1mod1":1,"minecraft:spruce_door":1,"minecraft:spruce_fence_gate":4,"minecraft:flowering_azalea":2,"minecraft:iron_axe":1,"minecraft:string":5,"pointblank:g36k":3,"minecraft:moss_carpet":7,"car:canola_seeds":1,"minecraft:sweet_berries":3,"minecraft:raw_copper":4,"minecraft:clay_ball":4,"scpo:scp_999_spawn_egg":1,"minecraft:big_dripleaf":2,"minecraft:spruce_boat":1,"minecraft:stone":1,"minecraft:spruce_planks":8,"create:hand_crank":1,"minecraft:spider_eye":9,"minecraft:stone_pickaxe":1,"minecraft:wooden_pickaxe":2}},"DataVersion":3465}