{"stats":{"minecraft:custom":{"minecraft:time_since_rest":14,"minecraft:interact_with_furnace":5,"minecraft:sprint_one_cm":41478,"minecraft:damage_taken":1300,"minecraft:walk_one_cm":41182,"minecraft:damage_blocked_by_shield":1545,"minecraft:mob_kills":13,"minecraft:damage_dealt":1726,"minecraft:swim_one_cm":6803,"minecraft:interact_with_crafting_table":9,"minecraft:fly_one_cm":32756,"minecraft:crouch_one_cm":4149,"minecraft:play_time":32800,"minecraft:deaths":2,"minecraft:sneak_time":1635,"minecraft:walk_under_water_one_cm":3115,"minecraft:jump":370,"minecraft:leave_game":3,"minecraft:time_since_death":0,"minecraft:walk_on_water_one_cm":10721,"minecraft:climb_one_cm":241,"minecraft:total_world_time":32800,"minecraft:fall_one_cm":15779},"minecraft:used":{"minecraft:moss_block":21,"minecraft:bread":8,"minecraft:stone_pickaxe":72,"minecraft:shield":20,"minecraft:wooden_pickaxe":55,"minecraft:stone_axe":34,"minecraft:torch":6,"minecraft:wooden_sword":32,"minecraft:dirt":19,"minecraft:cobblestone":18,"minecraft:crafting_table":2,"minecraft:furnace":1},"minecraft:picked_up":{"minecraft:birch_log":7,"minecraft:stick":3,"minecraft:raw_iron":32,"minecraft:feather":1,"minecraft:chicken":1,"minecraft:sweet_berries":5,"minecraft:leather":5,"minecraft:torch":2,"minecraft:spruce_sapling":8,"minecraft:gunpowder":2,"minecraft:spruce_log":22,"minecraft:spider_eye":1,"minecraft:dirt":20,"minecraft:moss_carpet":3,"minecraft:bone":2,"minecraft:arrow":2,"minecraft:rotten_flesh":5,"minecraft:tropical_fish":1,"minecraft:wheat_seeds":1,"minecraft:granite":1,"minecraft:beef":9,"minecraft:flowering_azalea":1,"minecraft:coal":5,"minecraft:moss_block":25,"minecraft:sugar_cane":4,"minecraft:birch_sapling":2,"minecraft:cobblestone":76,"minecraft:egg":1},"minecraft:crafted":{"minecraft:charcoal":11,"minecraft:crafting_table":2,"minecraft:stick":20,"minecraft:wooden_pickaxe":1,"minecraft:stone_pickaxe":1,"minecraft:furnace":1,"minecraft:torch":4,"minecraft:birch_planks":28,"minecraft:stone_axe":1,"minecraft:air":0},"minecraft:mined":{"minecraft:flowering_azalea":1,"minecraft:iron_ore":32,"minecraft:sweet_berry_bush":2,"minecraft:birch_leaves":2,"treechop:chopped_log":4,"minecraft:granite":1,"minecraft:grass":7,"minecraft:coal_ore":5,"minecraft:grass_block":5,"minecraft:dirt":15,"minecraft:tall_grass":1,"minecraft:stone":76,"minecraft:moss_block":25,"minecraft:sugar_cane":2,"minecraft:wall_torch":2},"minecraft:killed":{"minecraft:skeleton":1,"minecraft:zombie":4,"minecraft:chicken":1,"minecraft:cow":4,"minecraft:phantom":3},"minecraft:killed_by":{"minecraft:skeleton":1}},"DataVersion":3465}