{"stats":{"minecraft:killed":{"hordes:zombie_player":4,"minecraft:phantom":1,"minecraft:skeleton":1,"minecraft:guardian":3,"minecraft:chicken":1,"alexsmobs:flying_fish":1,"minecraft:pig":2,"hordes:drowned_player":1,"minecraft:sheep":1,"minecraft:zombie":10,"alexsmobs:fly":1,"minecraft:enderman":1},"minecraft:custom":{"minecraft:mob_kills":28,"minecraft:interact_with_crafting_table":53,"minecraft:bell_ring":11,"minecraft:damage_dealt_resisted":255,"minecraft:leave_game":2,"minecraft:time_since_death":85607,"minecraft:climb_one_cm":7191,"minecraft:sprint_one_cm":55003,"minecraft:walk_one_cm":560286,"minecraft:damage_blocked_by_shield":3205,"minecraft:drop":39,"minecraft:play_time":176994,"minecraft:deaths":25,"minecraft:sneak_time":6193,"minecraft:walk_under_water_one_cm":21745,"minecraft:jump":682,"minecraft:walk_on_water_one_cm":65955,"minecraft:total_world_time":176994,"minecraft:interact_with_furnace":100,"minecraft:interact_with_grindstone":1,"minecraft:sleep_in_bed":6,"minecraft:time_since_rest":267,"minecraft:damage_taken":7768,"minecraft:damage_dealt":4260,"minecraft:fly_one_cm":48797,"minecraft:swim_one_cm":10231,"minecraft:player_kills":1,"minecraft:open_chest":65,"minecraft:crouch_one_cm":8357,"minecraft:fall_one_cm":21501},"minecraft:mined":{"minecraft:spruce_planks":10,"minecraft:white_bed":1,"projectvibrantjourneys:rocks":1,"minecraft:cave_vines_plant":1,"minecraft:spruce_trapdoor":8,"minecraft:grass_block":32,"minecraft:spruce_fence":3,"minecraft:hay_block":12,"minecraft:furnace":3,"minecraft:iron_ore":3,"minecraft:snow":2,"treechop:chopped_log":5,"minecraft:deepslate_iron_ore":1,"minecraft:lantern":1,"minecraft:spruce_pressure_plate":2,"minecraft:stone":280,"minecraft:spruce_door":2,"minecraft:crafting_table":7,"minecraft:clay":5,"minecraft:light_gray_terracotta":1,"projectvibrantjourneys:twigs":3,"minecraft:chest":2,"minecraft:cobblestone":26,"minecraft:copper_ore":5,"minecraft:lapis_ore":4,"minecraft:lily_pad":1,"minecraft:oak_planks":12,"minecraft:wall_torch":5,"minecraft:birch_planks":7,"minecraft:wheat":4,"minecraft:ice":21,"minecraft:grass":4,"minecraft:coal_ore":99,"projectvibrantjourneys:short_grass":2,"projectvibrantjourneys:pinecones":1,"minecraft:gravel":4,"minecraft:dirt":41,"minecraft:stone_bricks":2,"minecraft:oak_leaves":1,"minecraft:fern":1,"table_top_craft:chess_piece_figure":1},"minecraft:used":{"minecraft:stone_shovel":58,"minecraft:chest":2,"minecraft:spruce_planks":10,"minecraft:shield":62,"minecraft:stone":72,"minecraft:torch":1,"minecraft:dirt":41,"securitycraft:keypad_item":2,"minecraft:stone_stairs":1,"minecraft:snowball":21,"minecraft:spruce_fence":3,"alexsmobs:maggot":1,"minecraft:lava_bucket":1,"minecraft:lantern":2,"minecraft:stone_bricks":1,"minecraft:furnace":6,"minecraft:egg":1,"minecraft:wheat_seeds":8,"minecraft:water_bucket":2,"table_top_craft:chess_piece_figure":1,"securitycraft:door_indestructible_iron_item":2,"minecraft:birch_planks":15,"minecraft:stone_pickaxe":370,"minecraft:oak_planks":37,"minecraft:wooden_pickaxe":63,"minecraft:glow_item_frame":2,"minecraft:crafting_table":7,"minecraft:white_bed":1,"max_armory:copper_sword":46,"alexsmobs:flying_fish":1,"minecraft:bread":1,"minecraft:spruce_trapdoor":23,"minecraft:spruce_sapling":1,"minecraft:gravel":4,"minecraft:stone_axe":97,"minecraft:wooden_sword":59,"minecraft:cobblestone":173,"edible_zombie_flesh:cooked_flesh":2,"minecraft:cooked_porkchop":1,"minecraft:bucket":3,"minecraft:coarse_dirt":2},"minecraft:killed_by":{"minecraft:creeper":1,"hordes:zombie_player":12,"mutantmonsters:mutant_creeper":2,"minecraft:skeleton":1,"mutantmonsters:creeper_minion":1,"minecraft:zombie":6},"minecraft:picked_up":{"minecraft:coarse_dirt":2,"minecraft:crafting_table":7,"minecraft:wheat":2,"minecraft:chicken":1,"minecraft:clay_ball":48,"minecraft:leather_leggings":1,"minecraft:wooden_pickaxe":1,"beansbackpacks:backpack":2,"minecraft:shield":1,"minecraft:stone_stairs":1,"minecraft:string":2,"minecraft:moss_carpet":3,"minecraft:raw_copper":20,"pointblank:g36k":4,"minecraft:cobbled_deepslate":12,"minecraft:spruce_planks":56,"minecraft:iron_nugget":4,"pointblank:m4a1mod1":1,"minecraft:birch_sapling":4,"minecraft:sugar_cane":32,"minecraft:chest":2,"minecraft:spruce_trapdoor":9,"minecraft:egg":2,"minecraft:furnace":4,"minecraft:dark_oak_sapling":1,"minecraft:spruce_pressure_plate":2,"minecraft:raw_iron":4,"minecraft:stick":18,"minecraft:stone":2,"ecologics:coconut_slice":2,"minecraft:big_dripleaf":2,"minecraft:birch_trapdoor":2,"minecraft:copper_ingot":16,"projectvibrantjourneys:bark_mushroom":3,"minecraft:torch":5,"minecraft:spruce_fence":6,"minecraft:porkchop":5,"farmersdelight:tomato_seeds":2,"minecraft:rotten_flesh":9,"minecraft:stone_shovel":1,"minecraft:tropical_fish":2,"minecraft:hay_block":12,"farmersdelight:rope":1,"minecraft:white_wool":2,"minecraft:mutton":1,"minecraft:glow_berries":1,"minecraft:snowball":21,"minecraft:cod":7,"alexsmobs:flying_fish":1,"minecraft:cobblestone":359,"minecraft:birch_log":13,"minecraft:leather_chestplate":1,"minecraft:feather":2,"farmersdelight:rice":3,"minecraft:tripwire_hook":1,"table_top_craft:chess_piece_figure":1,"minecraft:leather":5,"minecraft:birch_planks":43,"minecraft:oak_log":13,"minecraft:gunpowder":1,"minecraft:lapis_lazuli":58,"minecraft:dirt":106,"minecraft:paper":58,"minecraft:lantern":2,"minecraft:bone":2,"minecraft:stone_bricks":2,"minecraft:wheat_seeds":8,"minecraft:oak_planks":12,"projectvibrantjourneys:light_brown_bark_mushroom":5,"pointblank:ammo556":34,"minecraft:gravel":4,"minecraft:spruce_sapling":18,"minecraft:white_bed":1,"minecraft:spruce_log":22,"minecraft:spruce_door":2,"minecraft:dark_oak_log":31,"minecraft:spider_eye":2,"alexsmobs:maggot":1,"projectvibrantjourneys:orange_bark_mushroom":2,"minecraft:oak_sapling":1,"minecraft:melon_seeds":1,"minecraft:coal":163},"minecraft:dropped":{"ecologics:coconut_slice":2,"minecraft:feather":1,"minecraft:cobblestone":30,"pointblank:m4a1mod1":1,"max_armory:copper_sword":1,"projectvibrantjourneys:orange_bark_mushroom":2,"farmersdelight:rice":3,"minecraft:dirt":4,"minecraft:white_wool":1,"projectvibrantjourneys:bark_mushroom":3,"pointblank:g36k":2,"minecraft:spruce_sapling":9,"minecraft:bone":1,"minecraft:moss_carpet":3,"minecraft:cobbled_deepslate":12,"minecraft:birch_sapling":4,"minecraft:spruce_fence":3,"minecraft:big_dripleaf":2,"projectvibrantjourneys:light_brown_bark_mushroom":5,"minecraft:spruce_trapdoor":1,"farmersdelight:rope":1,"minecraft:spider_eye":2,"minecraft:egg":1},"minecraft:crafted":{"minecraft:oak_planks":52,"minecraft:stone_shovel":1,"max_armory:copper_sword":2,"minecraft:furnace":2,"minecraft:stone_button":16,"minecraft:stone":86,"securitycraft:keypad_item":2,"minecraft:spruce_fence":3,"minecraft:heavy_weighted_pressure_plate":2,"minecraft:cooked_mutton":18,"minecraft:stone_pickaxe":4,"minecraft:iron_door":3,"minecraft:dark_oak_planks":124,"minecraft:wheat":108,"minecraft:cooked_porkchop":5,"minecraft:spruce_planks":88,"minecraft:wooden_pickaxe":1,"minecraft:copper_ingot":20,"minecraft:bucket":1,"minecraft:birch_planks":52,"edible_zombie_flesh:cooked_flesh":35,"minecraft:stone_axe":2,"minecraft:bread":36,"minecraft:air":0,"minecraft:spruce_trapdoor":16,"securitycraft:door_indestructible_iron_item":2,"minecraft:shield":1,"minecraft:stick":12,"minecraft:iron_ingot":46,"minecraft:birch_trapdoor":2,"minecraft:gold_ingot":17},"minecraft:broken":{"minecraft:wooden_pickaxe":2,"minecraft:stone_pickaxe":2,"minecraft:shield":1,"minecraft:wooden_sword":1,"minecraft:leather_boots":1}},"DataVersion":3465}